orisinal,3
bersertifikat,4
organik,2
daur ulang,4
terbarukan,4
transparansi,5
audit,5
laporan keberlanjutan,5
ramah lingkungan,2
berkelanjutan,3
biodegradable,3
sirkular,4
efisien energi,4
hijau,2
ekologis,3
sumber terbarukan,4
zero limbah,3
pengurangan karbon,4
bahan alami,2
netral karbon,4
bebas bahan kimia,1
berbasis data ilmiah,5
lestari,3
kekal,2
hijau alami,2
ramah alam,2
terpercaya,4
tanpa bahan kimia,1
kurangi limbah,3
keberlanjutan,3
eco-friendly,1
bersih,2
ringan karbon,3
pengelolaan sampah,4
mengurangi jejak karbon,4
sehat,2
lestari alam,3
eco-conscious,2
transparan,5
sertifikat resmi,5
audit lingkungan,5
jejak karbon terukur,5
bukti dokumentasi,5
bukti,5
komitmen jangka panjang,4
komitmen,3
praktik keberlanjutan,4
praktik,3
akuntabel,4
mengikuti regulasi,4
sesuai standar lingkungan,5
energi terbarukan,4
daur ulang nyata,5
pengurangan emisi,4
proyek konservasi,4
edukasi lingkungan,3
pelaporan emisi transparan,5
kolaborasi dengan LSM,4
target berbasis sains,5
kemenkes,5
sertifikasi,5
iso 14001,5
laporan,4
100%,2
bahan lokal bersertifikasi,4
pewarna organik,3
pewarna tanpa bahan berbahaya,3
pewarna berbasis tanaman,3
pewarna alami bersertifikat,4
pewarna alami,2
pewarna sintetik,1
tebu,4
jagung,4
bambu,4
sertifikat internasional,5
plastik,1
kertas,2
pla,2
tanpa,2
warna,2
ecofriendly,2
menjaga,2
ampas tebu,3
ampas,3
compostable,4
mikroplastik,1
deterjen,2
liquid,1
sulfat,1
zat,2
aktif,2
redeposition,2
plant based organik,3
SLES,1
peduli,3
bamboo,4
go eco,2
hampers,1
tersertifikasi,4
aman,4
terurai,5
pasti,3
sekali pakai,2
alami,5
mengurangi,5
dampak,3
tahan lama,4
silikon,3
food grade,4
gogreen,5
singkong,5
eco enzyme,5
inovatif,4
fermentasi,5
dapur,3
kulit buah,5
sayur,5
segar,4
sisa,4
kemurnian,5
molase,4
gula merah,4
kulit jeruk,5
produk,3
etalase,3
warna,3
buku,3
berat,3
bahan,4
pengiriman,3
barang,3
kertas,4
pemesanan,3
kondisi,3
plastik,2
harga,3
organik,5
organic,5
buah,4
deskripsi,3
isi,3
kategori,3
min,3
teh,4
laundry,3
cup,3
lid,3
ampas,4
tanaman,5
murni,4
komposisi,3
daun,5
chia seed,5
seed,4
berkualitas,3
protein,4
kering,3
menjaga kesehatan,5
susu,3
madu,5
vegan,5
sehat,5
premium,3
manfaat,3
minyak,3
nutrisi,4
alami,5
cuka apel,5
daun kelor,5
bahan kimia,1
vitamin c,4
campuran,3
material,3
terima kasih,4
varian,3
produk,0
ini,0
recycleable,4
mudah terurai,5
